종목코드,종목명,시장,ROE(%),자본총계(원),총주식수,적정주가(S-RIM),보수적주가(S-RIM),할인율(%)
298000,효성화학,KOSPI,260.94,369300000000.0,3768072,2456690,1180740,10.41
008500,일정실업,KOSPI,129.88,19300000000.0,6000000,40130,20160,10.41
171090,선익시스템,KOSDAQ,101.48,143800000000.0,9363622,149710,77030,10.41
016880,웅진,KOSPI,96.89,177900000000.0,78462571,21100,10910,10.41
278470,에이피알,KOSPI,75.3,445800000000.0,37438155,86130,45980,10.41
187420,HLB제넥스,KOSDAQ,69.85,40900000000.0,32424001,8460,4570,10.41
036000,예림당,KOSDAQ,66.78,255800000000.0,23034277,71240,38710,10.41
123330,제닉,KOSDAQ,59.77,41000000000.0,7824686,30080,16640,10.41
950170,JTC,KOSDAQ,57.43,183200000000.0,48773115,20720,11540,10.41
177350,베셀,KOSDAQ,56.26,41300000000.0,19614225,11380,6360,10.41
419530,SAMG엔터,KOSDAQ,54.69,81000000000.0,9382907,45350,25490,10.41
458870,씨어스,KOSDAQ,52.78,39600000000.0,38059740,5280,2980,10.41
483650,달바글로벌,KOSPI,52.59,198600000000.0,12421540,80770,45730,10.41
096630,에스코넥,KOSDAQ,49.77,88700000000.0,15666323,27070,15490,10.41
257720,실리콘투,KOSDAQ,46.89,457400000000.0,65453052,31480,18230,10.41
067290,JW신약,KOSDAQ,46.3,40700000000.0,55880525,3240,1880,10.41
043260,성호전자,KOSDAQ,46.27,250800000000.0,70922823,15720,9130,10.41
124500,아이티센글로벌,KOSDAQ,45.89,125400000000.0,23204527,23820,13860,10.41
300080,플리토,KOSDAQ,45.69,17200000000.0,16505451,4570,2660,10.41
184230,SGA솔루션즈,KOSDAQ,45.29,34500000000.0,18645399,8050,4700,10.41
065150,대산F&B,KOSDAQ,45.0,24300000000.0,15575840,6740,3940,10.41
083650,비에이치아이,KOSDAQ,44.36,177600000000.0,30942134,24460,14330,10.41
000660,SK하이닉스,KOSPI,44.15,120516200000000.0,690911085,739780,433950,10.41
092600,앤씨앤,KOSDAQ,43.8,39100000000.0,4422588,37200,21860,10.41
041510,에스엠,KOSDAQ,41.65,1002600000000.0,22894690,175210,104120,10.41
267260,HD현대일렉트릭,KOSPI,41.5,2028800000000.0,35992704,224710,133640,10.41
137080,나래나노텍,KOSDAQ,41.46,116300000000.0,10766468,43020,25590,10.41
071970,HD현대마린엔진,KOSPI,41.36,488900000000.0,33921473,57260,34080,10.41
143240,사람인,KOSDAQ,41.2,267000000000.0,10498731,100650,59960,10.41
211050,인카금융서비스,KOSDAQ,39.66,216300000000.0,49260557,16730,10050,10.41
196170,알테오젠,KOSDAQ,39.42,445200000000.0,53510135,31510,18960,10.41
326030,SK바이오팜,KOSPI,39.28,813000000000.0,78313250,39170,23600,10.41
006620,동구바이오제약,KOSDAQ,39.12,151700000000.0,27042108,21080,12710,10.41
005690,파미셀,KOSPI,38.31,123900000000.0,59991064,7600,4610,10.41
402340,SK스퀘어,KOSPI,37.82,27636500000000.0,131808151,761750,463100,10.41
003230,삼양식품,KOSPI,37.59,1255400000000.0,7533015,601780,366390,10.41
019180,티에이치엔,KOSPI,36.85,224700000000.0,18000000,44190,27040,10.41
046940,우원개발,KOSDAQ,36.78,156700000000.0,18074350,30630,18750,10.41
082740,한화엔진,KOSPI,36.6,556100000000.0,83425535,23440,14360,10.41
002960,한국쉘석유,KOSPI,36.04,140400000000.0,1300000,373900,230060,10.41
068790,DMS,KOSDAQ,35.52,434100000000.0,22184124,66770,41230,10.41
047080,한빛소프트,KOSDAQ,35.51,17300000000.0,24822362,2380,1470,10.41
100030,인지소프트,KOSDAQ,35.1,69500000000.0,2598226,90190,55870,10.41
042700,한미반도체,KOSPI,34.76,690300000000.0,94853002,24300,15090,10.41
039200,오스코텍,KOSDAQ,33.87,181300000000.0,38258176,15420,9640,10.41
443060,HD현대마린솔루션,KOSPI,33.73,824700000000.0,44833460,59600,37310,10.41
088130,동아엘텍,KOSDAQ,33.57,170100000000.0,17485314,31370,19660,10.41
263700,케어랩스,KOSDAQ,32.8,68500000000.0,19399979,11130,7020,10.41
052400,코나아이,KOSDAQ,32.62,258600000000.0,14371231,56390,35620,10.41
439260,대한조선,KOSPI,32.19,1092400000000.0,38088730,88690,56230,10.41
339950,아이비김영,KOSDAQ,32.19,73800000000.0,43363770,5260,3340,10.41
036830,솔브레인홀딩스,KOSDAQ,32.06,1735400000000.0,20445981,261400,165910,10.41
013520,화승코퍼레이션,KOSPI,31.5,283300000000.0,46905242,18280,11660,10.41
010770,평화홀딩스,KOSPI,31.18,127400000000.0,14388961,26520,16960,10.41
272110,케이엔제이,KOSDAQ,30.79,96700000000.0,7830739,36520,23450,10.41
032620,GC메디아이,KOSDAQ,30.72,141500000000.0,50783840,8220,5280,10.41
003350,한국화장품제조,KOSPI,30.6,104700000000.0,18125035,16980,10920,10.41
064350,현대로템,KOSPI,30.05,3079000000000.0,109142293,81430,52640,10.41
007660,이수페타시스,KOSPI,29.64,755500000000.0,73409219,29300,19020,10.41
226590,엠디바이스,KOSDAQ,29.23,47300000000.0,10716784,12390,8080,10.41
062040,산일전기,KOSPI,29.21,585500000000.0,30555097,53770,35050,10.41
035900,JYP Ent.,KOSDAQ,29.21,620600000000.0,33133059,52560,34260,10.41
353810,이지바이오,KOSDAQ,29.06,107200000000.0,33081920,9050,5910,10.41
090080,평화산업,KOSPI,29.03,62100000000.0,54902259,3150,2060,10.41
036620,감성코퍼레이션,KOSDAQ,28.75,134000000000.0,89862944,4120,2700,10.41
001840,이화공영,KOSDAQ,28.15,8900000000.0,28255354,850,560,10.41
092130,이크레더블,KOSDAQ,28.08,42700000000.0,12043600,9560,6310,10.41
258790,소프트캠프,KOSDAQ,27.93,15400000000.0,3985624,10370,6850,10.41
204620,글로벌텍스프리,KOSDAQ,27.81,140000000000.0,70272633,5320,3520,10.41
450950,아스테라시스,KOSDAQ,27.74,46800000000.0,37627592,3310,2190,10.41
059090,미코,KOSDAQ,27.23,115200000000.0,31496097,9570,6370,10.41
019010,베뉴지,KOSDAQ,27.16,390600000000.0,40200000,25350,16890,10.41
066360,체리부로,KOSDAQ,27.0,100700000000.0,47952015,5450,3640,10.41
033100,제룡전기,KOSDAQ,26.93,239300000000.0,16062409,38540,25750,10.41
214450,파마리서치,KOSDAQ,26.88,689300000000.0,10389648,171310,114530,10.41
206650,유바이오로직스,KOSDAQ,26.85,175400000000.0,36573307,12370,8270,10.41
002990,금호건설,KOSPI,26.79,247800000000.0,37026933,17220,11530,10.41
260970,에스앤디,KOSDAQ,26.71,86200000000.0,2892754,76460,51220,10.41
019540,일지테크,KOSDAQ,26.7,191800000000.0,13213126,37230,24940,10.41
045340,토탈소프트,KOSDAQ,26.65,36600000000.0,8372749,11190,7500,10.41
154040,다산솔루에타,KOSDAQ,26.55,52600000000.0,17950094,7470,5020,10.41
010280,아이티센엔텍,KOSDAQ,26.23,99400000000.0,13024755,19230,12960,10.41
214150,클래시스,KOSDAQ,26.21,553000000000.0,65153528,21370,14400,10.41
031820,아이티센씨티에스,KOSPI,25.89,229000000000.0,12105146,47050,31830,10.41
018290,브이티,KOSDAQ,25.66,242400000000.0,34636358,17250,11700,10.41
461300,아이스크림미디어,KOSDAQ,25.36,204400000000.0,12703464,39200,26700,10.41
484870,엠앤씨솔루션,KOSPI,25.32,194700000000.0,9153900,51730,35250,10.41
100840,SNT에너지,KOSPI,25.15,364700000000.0,19761108,44590,30450,10.41
403870,HPSP,KOSDAQ,24.79,308200000000.0,81262870,9030,6200,10.41
336570,원텍,KOSDAQ,24.79,157400000000.0,88731173,4220,2900,10.41
003080,SB성보,KOSPI,24.66,153600000000.0,19588021,18580,12770,10.41
052460,아이크래프트,KOSDAQ,24.65,46500000000.0,12157936,9060,6230,10.41
476060,온코닉테라퓨틱스,KOSDAQ,24.65,72000000000.0,45407840,3750,2580,10.41
000910,유니온,KOSPI,24.46,107800000000.0,15611619,16220,11180,10.41
298040,효성중공업,KOSPI,24.41,2351700000000.0,9311741,592200,408460,10.41
065710,서호전기,KOSDAQ,24.38,81900000000.0,5033519,38110,26290,10.41
075580,세진중공업,KOSPI,24.35,228500000000.0,56849456,9400,6490,10.41
033500,동성화인텍,KOSDAQ,24.23,258900000000.0,29941263,20130,13920,10.41
067160,SOOP,KOSDAQ,24.08,467000000000.0,10656904,101370,70240,10.41
192820,코스맥스,KOSPI,23.86,558200000000.0,11345662,112770,78380,10.41
031440,신세계푸드,KOSPI,23.71,357900000000.0,3615451,225470,157050,10.41
096760,JW홀딩스,KOSPI,23.57,267000000000.0,69190827,8740,6100,10.41
002380,KCC,KOSPI,23.51,7824500000000.0,7060596,2502750,1748350,10.41
136490,선진,KOSPI,23.5,563100000000.0,23779208,53460,37350,10.41
036120,서울평가정보,KOSDAQ,23.39,32100000000.0,33740761,2140,1500,10.41
090850,현대이지웰,KOSDAQ,23.24,109300000000.0,21209445,11500,8070,10.41
036580,팜스코,KOSPI,23.16,207200000000.0,35018836,13160,9240,10.41
383220,F&F,KOSPI,23.16,1878700000000.0,37481574,111510,78300,10.41
064820,케이프,KOSDAQ,23.12,301400000000.0,30860215,21690,15240,10.41
098120,마이크로컨텍솔,KOSDAQ,23.08,81300000000.0,8312766,21680,15240,10.41
049720,고려신용정보,KOSDAQ,22.89,63000000000.0,14290016,9690,6830,10.41
224060,더코디,KOSDAQ,22.85,118700000000.0,5133445,50750,35810,10.41
004920,씨아이테크,KOSPI,22.84,73200000000.0,52179872,3080,2170,10.41
265560,영화테크,KOSDAQ,22.82,92600000000.0,10690180,18990,13400,10.41
462870,시프트업,KOSPI,22.71,921200000000.0,57596385,34890,24670,10.41
381970,케이카,KOSPI,22.63,223900000000.0,48820848,9970,7060,10.41
042660,한화오션,KOSPI,22.59,6170300000000.0,306357807,43710,30960,10.41
138040,메리츠금융지주,KOSPI,22.53,10322600000000.0,163558176,136590,96840,10.41
098070,한텍,KOSDAQ,22.45,162400000000.0,11121141,31490,22360,10.41
058470,리노공업,KOSDAQ,22.45,731200000000.0,75895600,20780,14750,10.41
114840,아이패밀리에스씨,KOSDAQ,22.28,104500000000.0,17029455,13130,9350,10.41
077970,STX엔진,KOSPI,22.26,343000000000.0,40138766,18270,13010,10.41
148150,세경하이테크,KOSDAQ,22.13,235800000000.0,33987221,14750,10520,10.41
259630,엠플러스,KOSDAQ,22.12,102000000000.0,11899483,18210,13000,10.41
368770,파이버프로,KOSDAQ,22.06,45800000000.0,32760225,2960,2120,10.41
069620,대웅제약,KOSPI,21.75,1006100000000.0,11506270,182690,131160,10.41
484590,삼양컴텍,KOSDAQ,21.6,156500000000.0,41210450,7880,5670,10.41
229640,LS에코에너지,KOSPI,21.43,209200000000.0,30624879,14060,10150,10.41
173130,오파스넷,KOSDAQ,21.36,64700000000.0,13043084,10180,7360,10.41
101490,에스앤에스텍,KOSDAQ,21.24,303000000000.0,20829604,29680,21490,10.41
094280,효성ITX,KOSPI,21.21,75100000000.0,11038365,13860,10040,10.41
119850,지엔씨에너지,KOSDAQ,21.15,218800000000.0,16022905,27740,20120,10.41
408920,메쎄이상,KOSDAQ,20.79,79500000000.0,42360204,3750,2740,10.41
090150,아이윈,KOSDAQ,20.77,46200000000.0,39715836,2320,1690,10.41
001450,현대해상,KOSPI,20.6,5157500000000.0,79308500,128690,94250,10.41
079900,전진건설로봇,KOSPI,20.58,155500000000.0,14529068,21160,15500,10.41
340570,티앤엘,KOSDAQ,20.44,201200000000.0,8017131,49280,36200,10.41
323350,다원넥스뷰,KOSDAQ,20.38,18800000000.0,8006301,4600,3380,10.41
006910,보성파워텍,KOSDAQ,20.26,110200000000.0,48929824,4380,3230,10.41
010820,퍼스텍,KOSPI,20.16,82500000000.0,48771938,3280,2420,10.41
017800,현대엘리베이터,KOSPI,20.1,1352100000000.0,36105062,72310,53450,10.41
034950,한국기업평가,KOSDAQ,20.08,132300000000.0,4460871,57210,42300,10.41
418470,KT밀리의서재,KOSDAQ,20.03,86900000000.0,8565789,19520,14450,10.41
080580,오킨스전자,KOSDAQ,19.93,50400000000.0,20614442,4680,3470,10.41
189860,서전기전,KOSDAQ,19.86,38400000000.0,9698780,7550,5610,10.41
143540,영우디에스피,KOSDAQ,19.84,30700000000.0,43686800,1340,990,10.41
039130,하나투어,KOSPI,19.79,147500000000.0,14665179,19120,14220,10.41
200670,휴메딕스,KOSDAQ,19.61,299600000000.0,11081996,50930,38000,10.41
089890,코세스,KOSDAQ,19.58,74000000000.0,16584962,8390,6270,10.41
031980,피에스케이홀딩스,KOSDAQ,19.55,506400000000.0,21562395,44110,32950,10.41
207940,삼성바이오로직스,KOSPI,19.44,7451100000000.0,46239518,300920,225310,10.41
015760,한국전력,KOSPI,19.4,48169900000000.0,641964077,139840,104780,10.41
013700,까뮤이앤씨,KOSPI,19.4,112400000000.0,59750830,3510,2630,10.41
084440,유비온,KOSDAQ,19.36,7600000000.0,18232042,780,580,10.41
425420,티에프이,KOSDAQ,19.3,109200000000.0,12037463,16820,12630,10.41
093520,매커스,KOSDAQ,19.3,125700000000.0,6167678,37790,28370,10.41
017960,한국카본,KOSPI,19.3,580200000000.0,51074372,21060,15810,10.41
241710,코스메카코리아,KOSDAQ,19.29,252700000000.0,10680000,43840,32930,10.41
462860,더즌,KOSDAQ,19.29,73100000000.0,70798620,1910,1440,10.41
080220,제주반도체,KOSDAQ,19.21,227100000000.0,33683104,12440,9360,10.41
079550,LIG디펜스앤에어로스페이스,KOSPI,19.2,1430100000000.0,21845250,120740,90840,10.41
012450,한화에어로스페이스,KOSPI,19.14,9684900000000.0,51448788,346110,260710,10.41
103590,일진전기,KOSPI,19.08,588700000000.0,47677269,22630,17070,10.41
187790,나노,KOSDAQ,19.01,42700000000.0,30668361,2540,1920,10.41
069510,에스텍,KOSDAQ,18.98,235000000000.0,8410000,50950,38500,10.41
000540,흥국화재,KOSPI,18.85,836900000000.0,64242645,23590,17880,10.41
329180,HD현대중공업,KOSPI,18.82,9341600000000.0,104961225,160900,122010,10.41
377460,큐에이드,KOSDAQ,18.78,56800000000.0,62055687,1650,1250,10.41
071050,한국금융지주,KOSPI,18.66,12010300000000.0,52738513,408210,310580,10.41
082920,비츠로셀,KOSDAQ,18.56,330500000000.0,44934528,13110,10000,10.41
073240,금호타이어,KOSPI,18.53,2029400000000.0,287260287,12580,9590,10.41
183300,코미코,KOSDAQ,18.52,270300000000.0,10084626,47680,36390,10.41
123410,코리아에프티,KOSDAQ,18.48,260500000000.0,27841059,16610,12690,10.41
462980,아이지넷,KOSDAQ,18.38,22100000000.0,18234437,2140,1640,10.41
104460,디와이피엔에프,KOSDAQ,18.26,149800000000.0,9470498,27750,21290,10.41
469610,이노테크,KOSDAQ,18.16,61800000000.0,8934900,12070,9280,10.41
021240,코웨이,KOSPI,18.14,3613700000000.0,70128913,89790,69090,10.41
086280,현대글로비스,KOSPI,18.13,10351200000000.0,75000000,240370,185000,10.41
039490,키움증권,KOSPI,18.12,6704400000000.0,26228316,444940,342520,10.41
215200,메가스터디교육,KOSDAQ,18.03,497100000000.0,10353256,83160,64150,10.41
333430,일승,KOSDAQ,17.79,45800000000.0,30680679,2550,1980,10.41
009540,HD한국조선해양,KOSPI,17.78,13286100000000.0,70714630,320900,248940,10.41
020710,시공테크,KOSDAQ,17.77,185600000000.0,18863265,16800,13030,10.41
204610,티쓰리,KOSDAQ,17.72,95400000000.0,50224832,3230,2510,10.41
005830,DB손해보험,KOSPI,17.72,10880800000000.0,60643469,305410,237260,10.41
080160,모두투어,KOSDAQ,17.71,92500000000.0,18900000,8330,6470,10.41
227950,엔투텍,KOSDAQ,17.7,127700000000.0,34508209,6290,4890,10.41
018500,동원금속,KOSPI,17.68,133000000000.0,46744805,4830,3760,10.41
030190,NICE평가정보,KOSPI,17.62,463900000000.0,58373440,13450,10470,10.41
001060,JW중외제약,KOSPI,17.6,369400000000.0,22549518,27700,21580,10.41
064400,LG씨엔에스,KOSPI,17.35,2932800000000.0,96885948,50450,39530,10.41
099410,동방선기,KOSDAQ,17.34,49800000000.0,13946055,5950,4660,10.41
089970,브이엠,KOSDAQ,17.33,177200000000.0,24771995,11910,9340,10.41
179290,엠아이텍,KOSDAQ,17.32,125900000000.0,32365678,6470,5080,10.41
318160,셀바이오휴먼텍,KOSDAQ,16.91,56700000000.0,8358060,11020,8730,10.41
037460,삼지전자,KOSDAQ,16.89,484400000000.0,14167507,55470,43960,10.41
481070,에이유브랜즈,KOSDAQ,16.83,68500000000.0,14260000,7770,6160,10.41
140860,파크시스템스,KOSDAQ,16.69,225100000000.0,6954230,51900,41330,10.41
265740,엔에프씨,KOSDAQ,16.68,65400000000.0,17863600,5870,4670,10.41
067730,로지시스,KOSDAQ,16.63,21000000000.0,9673922,3470,2770,10.41
051360,토비스,KOSDAQ,16.58,280000000000.0,14917843,29890,23880,10.41
003720,삼영,KOSPI,16.58,85500000000.0,32923945,4140,3300,10.41
307280,원바이오젠,KOSDAQ,16.55,42700000000.0,6805997,9970,7970,10.41
031330,에스에이엠티,KOSDAQ,16.55,486100000000.0,97545067,7920,6330,10.41
060250,NHN KCP,KOSDAQ,16.35,294600000000.0,37716317,12270,9860,10.41
058860,KTis,KOSPI,16.29,238500000000.0,30573062,12210,9820,10.41
014940,오리엔탈정공,KOSDAQ,16.26,125400000000.0,45547289,4300,3460,10.41
042000,카페24,KOSDAQ,16.23,265900000000.0,24103284,17200,13860,10.41
295310,에이치브이엠,KOSDAQ,16.15,90100000000.0,12027291,11620,9390,10.41
083450,GST,KOSDAQ,16.15,301200000000.0,17949419,26030,21030,10.41
003090,대웅,KOSPI,16.11,1176600000000.0,40890710,44530,36010,10.41
950140,잉글우드랩,KOSDAQ,16.09,164600000000.0,19867866,12810,10360,10.41
145020,휴젤,KOSDAQ,16.06,950300000000.0,10797092,135780,109940,10.41
007610,선도전기,KOSPI,16.0,35700000000.0,16969019,3230,2620,10.41
012510,더존비즈온,KOSPI,16.0,615200000000.0,25686600,36810,29850,10.41
356860,티엘비,KOSDAQ,15.99,126100000000.0,9722630,19920,16160,10.41
023590,다우기술,KOSPI,15.95,3446400000000.0,43150849,122370,99380,10.41
007370,진양제약,KOSDAQ,15.93,159900000000.0,14134587,17310,14070,10.41
332570,PS일렉트로닉스,KOSDAQ,15.91,130400000000.0,46158109,4320,3510,10.41
078520,에이블씨엔씨,KOSPI,15.88,86600000000.0,23538627,5610,4570,10.41
053270,구영테크,KOSDAQ,15.87,154000000000.0,27410405,8570,6970,10.41
402490,그린리소스,KOSDAQ,15.86,69900000000.0,16693064,6380,5190,10.41
095610,테스,KOSDAQ,15.76,391800000000.0,17734126,33450,27310,10.41
012280,영화금속,KOSPI,15.74,81500000000.0,48594505,2540,2070,10.41
198080,캐프,KOSDAQ,15.73,131600000000.0,21535185,9230,7540,10.41
303360,프로티아,KOSDAQ,15.72,30700000000.0,12879715,3600,2940,10.41
332370,아이디피,KOSDAQ,15.7,69000000000.0,11921444,8730,7140,10.41
020180,대신정보통신,KOSDAQ,15.66,38900000000.0,38428915,1520,1250,10.41
282330,BGF리테일,KOSPI,15.64,1313100000000.0,17275015,114200,93540,10.41
041930,SY동아,KOSDAQ,15.64,186800000000.0,14585633,19240,15760,10.41
473980,노머스,KOSDAQ,15.64,103700000000.0,11057322,14090,11540,10.41
053060,세동,KOSDAQ,15.6,40300000000.0,17656882,3420,2800,10.41
319660,피에스케이,KOSDAQ,15.54,538900000000.0,28966714,27770,22810,10.41
036030,케이티알파,KOSDAQ,15.47,303100000000.0,49019141,9190,7560,10.41
472850,폰드그룹,KOSDAQ,15.46,234400000000.0,57563696,6050,4980,10.41
015360,INVENI,KOSPI,15.46,645400000000.0,22195000,43180,35550,10.41
003650,미창석유,KOSPI,15.44,479400000000.0,1512979,469960,387140,10.41
068930,디지털대성,KOSDAQ,15.41,138300000000.0,25575628,8000,6600,10.41
041190,우리기술투자,KOSDAQ,15.33,776400000000.0,77871156,14680,12130,10.41
214430,아이쓰리시스템,KOSDAQ,15.31,139700000000.0,7307215,28120,23250,10.41
105550,엣지파운드리,KOSDAQ,15.29,128400000000.0,71663306,2630,2180,10.41
194370,제이에스코퍼레이션,KOSPI,15.29,527400000000.0,29016758,26700,22090,10.41
064850,에프앤가이드,KOSDAQ,15.15,68900000000.0,11410332,8790,7300,10.41
096240,크레버스,KOSDAQ,15.15,47000000000.0,8435607,8110,6740,10.41
017510,세명전기,KOSDAQ,15.13,90100000000.0,15246000,8590,7140,10.41
445180,퓨릿,KOSDAQ,15.1,107500000000.0,17189188,9070,7550,10.41
327260,RF머트리얼즈,KOSDAQ,15.05,52800000000.0,8493704,8990,7490,10.41
290120,DH오토리드,KOSDAQ,15.03,99300000000.0,15824249,9060,7550,10.41
007340,DN오토모티브,KOSPI,15.02,2007300000000.0,51762270,55950,46660,10.41
033250,체시스,KOSPI,15.0,45400000000.0,6400000,10220,8530,10.41
458350,에스팀,KOSDAQ,14.99,15400000000.0,8683200,2550,2130,10.41
194700,노바렉스,KOSDAQ,14.99,253100000000.0,17754848,20530,17130,10.41
080470,성창오토텍,KOSDAQ,14.99,60400000000.0,7300000,11910,9940,10.41
016670,디모아,KOSDAQ,14.99,86100000000.0,10187750,12170,10160,10.41
092730,네오팜,KOSDAQ,14.95,195400000000.0,15641256,17940,14990,10.41
039420,케이엘넷,KOSDAQ,14.85,66000000000.0,20246557,4650,3900,10.41
071320,지역난방공사,KOSPI,14.84,2301400000000.0,11578744,283340,237590,10.41
190510,나무가,KOSDAQ,14.83,171700000000.0,14085317,17370,14570,10.41
264660,씨앤지하이테크,KOSDAQ,14.81,143200000000.0,9419458,21630,18150,10.41
448710,코츠테크놀로지,KOSDAQ,14.8,53800000000.0,4557542,16780,14090,10.41
032190,다우데이타,KOSDAQ,14.76,1610400000000.0,38300000,59620,50110,10.41
030720,동원수산,KOSPI,14.73,56400000000.0,4653805,17150,14430,10.41
134380,미원화학,KOSPI,14.72,173600000000.0,19387530,12660,10660,10.41
161890,한국콜마,KOSPI,14.69,910400000000.0,23605077,54420,45850,10.41
482630,삼양엔씨켐,KOSDAQ,14.69,119300000000.0,21888280,7690,6480,10.41
053800,안랩,KOSDAQ,14.68,373500000000.0,8988347,58600,49380,10.41
010120,LS ELECTRIC,KOSPI,14.67,2069800000000.0,148785350,19600,16520,10.41
071200,인피니트헬스케어,KOSDAQ,14.66,191700000000.0,24376453,11070,9340,10.41
053610,프로텍,KOSDAQ,14.59,348600000000.0,7000000,69800,58980,10.41
241520,DSC인베스트먼트,KOSDAQ,14.58,125800000000.0,25800969,6830,5770,10.41
007980,TP,KOSPI,14.54,284600000000.0,45063280,8820,7470,10.41
128940,한미약품,KOSPI,14.53,1249800000000.0,12689111,137480,116390,10.41
114810,한솔아이원스,KOSDAQ,14.49,210300000000.0,27351367,10700,9070,10.41
139670,키네마스터,KOSDAQ,14.44,25400000000.0,14118810,2500,2120,10.41
254490,미래반도체,KOSDAQ,14.41,110200000000.0,14438000,10570,8980,10.41
059100,아이컴포넌트,KOSDAQ,14.37,44300000000.0,6459240,9470,8060,10.41
004800,효성,KOSPI,14.35,2443600000000.0,16717604,201490,171560,10.41
014680,한솔케미칼,KOSPI,14.34,1080500000000.0,10902899,136520,116280,10.41
268280,미원에스씨,KOSPI,14.34,448500000000.0,4814431,128330,109300,10.41
214180,헥토이노베이션,KOSDAQ,14.22,222300000000.0,12583567,24130,20630,10.41
045390,대아티아이,KOSDAQ,14.2,154300000000.0,70473377,2990,2560,10.41
052690,한전기술,KOSPI,14.2,625000000000.0,38043505,22410,19170,10.41
033640,네패스,KOSDAQ,14.19,123600000000.0,23059202,7310,6250,10.41
003480,한진중공업홀딩스,KOSPI,14.18,444700000000.0,26089504,23220,19880,10.41
479960,위너스일렉,KOSDAQ,14.15,40700000000.0,6851000,8080,6920,10.41
388050,지투파워,KOSDAQ,14.09,42100000000.0,18709437,3050,2620,10.41
023760,한국캐피탈,KOSDAQ,14.08,754100000000.0,312890575,3260,2800,10.41
176750,듀켐바이오,KOSDAQ,14.05,49200000000.0,28344712,2340,2010,10.41
033530,SJG세종,KOSPI,14.05,522400000000.0,27052299,26060,22410,10.41
047400,유니온머티리얼,KOSPI,14.04,19600000000.0,42000000,630,540,10.41
452280,한선엔지니어링,KOSDAQ,14.04,68300000000.0,19246420,4790,4120,10.41
178780,일월지엠엘,KOSDAQ,14.03,41900000000.0,18636980,3030,2610,10.41
052860,아이앤씨,KOSDAQ,14.03,35300000000.0,16490109,2890,2480,10.41
005710,대원산업,KOSDAQ,14.01,584500000000.0,20037600,39260,33800,10.41
000950,전방,KOSPI,13.99,227500000000.0,1139470,268320,231170,10.41
009320,아진전자부품,KOSPI,13.98,33300000000.0,49299770,910,780,10.41
069730,DSR제강,KOSPI,13.97,188000000000.0,14400000,17520,15110,10.41
086670,비엠티,KOSDAQ,13.96,149400000000.0,9925885,20180,17410,10.41
147830,제룡산업,KOSDAQ,13.94,86200000000.0,19151979,6030,5200,10.41
011560,세보엠이씨,KOSDAQ,13.86,271200000000.0,9819744,36770,31820,10.41
244920,에이플러스에셋,KOSPI,13.82,169700000000.0,22607693,9970,8630,10.41
092460,한라IMS,KOSDAQ,13.76,198700000000.0,17109680,15350,13330,10.41
028050,삼성E&A,KOSPI,13.76,4740700000000.0,196000000,31970,27760,10.41
010140,삼성중공업,KOSPI,13.74,4148900000000.0,854035571,6410,5570,10.41
373160,데이원컴퍼니,KOSDAQ,13.74,45400000000.0,13644442,4390,3820,10.41
290560,파라택시스이더리움,KOSDAQ,13.71,26300000000.0,21993795,1570,1370,10.41
030000,제일기획,KOSPI,13.7,1572300000000.0,101278725,20430,17780,10.41
025880,케이씨피드,KOSDAQ,13.67,80100000000.0,15785136,6660,5800,10.41
018120,진로발효,KOSDAQ,13.65,91600000000.0,6617764,18150,15820,10.41
083930,아바코,KOSDAQ,13.62,221800000000.0,13777247,21060,18380,10.41
097520,엠씨넥스,KOSPI,13.61,385500000000.0,16201072,31110,27150,10.41
249420,일동제약,KOSPI,13.59,246400000000.0,31508117,10210,8920,10.41
234080,JW생명과학,KOSPI,13.59,220600000000.0,15484554,18600,16240,10.41
272290,이녹스첨단소재,KOSDAQ,13.55,393300000000.0,18831242,27190,23780,10.41
294570,쿠콘,KOSDAQ,13.54,170500000000.0,10069761,22020,19270,10.41
064760,티씨케이,KOSDAQ,13.5,519300000000.0,11179416,60240,52780,10.41
110990,디아이티,KOSDAQ,13.5,237200000000.0,18633328,16510,14460,10.41
094820,일진파워,KOSDAQ,13.41,145000000000.0,15078709,12390,10890,10.41
039830,오로라,KOSDAQ,13.37,175600000000.0,9709731,23230,20450,10.41
053300,한국정보인증,KOSDAQ,13.36,204000000000.0,38033211,6880,6060,10.41
035150,백산,KOSPI,13.22,258600000000.0,20028841,16400,14510,10.41
002800,신신제약,KOSDAQ,13.21,74800000000.0,15170500,6260,5540,10.41
066620,국보디자인,KOSDAQ,13.15,323900000000.0,6766661,60470,53650,10.41
008930,한미사이언스,KOSPI,13.13,961900000000.0,67751141,17910,15900,10.41
459550,알트,KOSDAQ,13.12,48300000000.0,24656533,2470,2190,10.41
001560,제일연마,KOSPI,13.12,108700000000.0,6640000,20630,18330,10.41
115500,케이씨에스,KOSDAQ,13.11,19700000000.0,12000000,2070,1840,10.41
016360,삼성증권,KOSPI,13.09,8068100000000.0,89300000,113610,101030,10.41
403850,더핑크퐁컴퍼니,KOSDAQ,13.08,184100000000.0,14351010,16120,14340,10.41
054040,한국컴퓨터,KOSDAQ,13.04,164500000000.0,13197682,15610,13910,10.41
001620,케이비아이동국실업,KOSPI,13.01,263300000000.0,22258606,14780,13190,10.41
054950,제이브이엠,KOSDAQ,13.0,233900000000.0,11536989,25320,22590,10.41
136410,아셈스,KOSDAQ,12.97,71600000000.0,10475646,8520,7610,10.41
021080,에이티넘인베스트,KOSDAQ,12.96,204500000000.0,45994575,5540,4950,10.41
096610,알에프세미,KOSDAQ,12.96,14400000000.0,17386411,1030,920,10.41
000270,기아,KOSPI,12.92,61187900000000.0,388656043,195390,174860,10.41
264450,유비쿼스,KOSDAQ,12.92,195800000000.0,14665493,16570,14830,10.41
023450,동남합성,KOSPI,12.91,54500000000.0,3349314,20180,18070,10.41
011760,현대코퍼레이션,KOSPI,12.91,692700000000.0,12010966,71520,64030,10.41
088390,이녹스,KOSDAQ,12.9,175100000000.0,9385834,23120,20700,10.41
009970,영원무역홀딩스,KOSPI,12.83,3015200000000.0,11604898,320220,287550,10.41
009780,엠에스씨,KOSDAQ,12.83,189200000000.0,17600000,13250,11900,10.41
005850,에스엘,KOSPI,12.81,2552500000000.0,46055462,68200,61290,10.41
052790,액토즈소프트,KOSDAQ,12.77,256900000000.0,10924547,28850,25960,10.41
236200,슈프리마,KOSDAQ,12.75,271100000000.0,6941083,47840,43090,10.41
037270,YG PLUS,KOSPI,12.69,188600000000.0,63663110,3610,3260,10.41
003280,흥아해운,KOSPI,12.66,255000000000.0,240424899,1290,1170,10.41
111770,영원무역,KOSPI,12.66,4092300000000.0,42560112,116940,105690,10.41
060850,영림원소프트랩,KOSDAQ,12.62,53800000000.0,8131000,8020,7260,10.41
263860,지니언스,KOSDAQ,12.6,62200000000.0,8653420,8700,7880,10.41
136480,하림,KOSDAQ,12.56,325400000000.0,106187182,3700,3350,10.41
088910,동우팜투테이블,KOSDAQ,12.55,239500000000.0,25721764,11230,10190,10.41
101160,월덱스,KOSDAQ,12.53,346600000000.0,16510993,25270,22950,10.41
000990,DB하이텍,KOSPI,12.51,2142400000000.0,42008174,61290,55720,10.41
213420,덕산네오룩스,KOSDAQ,12.5,451800000000.0,24562915,22090,20090,10.41
052420,오성첨단소재,KOSDAQ,12.48,281300000000.0,9742009,34620,31510,10.41
453340,현대그린푸드,KOSPI,12.46,729500000000.0,32269023,27060,24650,10.41
006800,미래에셋증권,KOSPI,12.36,13303600000000.0,439383960,35950,32880,10.41
175330,JB금융지주,KOSPI,12.36,5914600000000.0,185444444,37870,34640,10.41
330730,스톤브릿지벤처스,KOSDAQ,12.36,93800000000.0,17502096,6360,5820,10.41
009240,한샘,KOSPI,12.33,399800000000.0,16600322,28530,26120,10.41
417180,핑거스토리,KOSDAQ,12.32,31100000000.0,3508794,10490,9610,10.41
251970,펌텍코리아,KOSDAQ,12.3,294500000000.0,12398386,28070,25730,10.41
102710,이엔에프테크놀로지,KOSDAQ,12.29,447600000000.0,14287836,36980,33920,10.41
058630,엠게임,KOSDAQ,12.28,136900000000.0,19202574,8410,7720,10.41
317450,명인제약,KOSPI,12.28,794400000000.0,14600000,64190,58900,10.41
010690,화신,KOSPI,12.25,571400000000.0,34748441,19350,17780,10.41
009450,경동나비엔,KOSPI,12.24,770500000000.0,14452932,62680,57610,10.41
215360,우리산업,KOSDAQ,12.2,120800000000.0,9132163,15500,14270,10.41
000300,DH오토넥스,KOSPI,12.17,36200000000.0,41437055,1020,940,10.41
290550,디케이티,KOSDAQ,12.05,202800000000.0,20001230,11740,10870,10.41
065690,파커스,KOSDAQ,11.98,58900000000.0,11620018,5830,5420,10.41
475150,SK이터닉스,KOSPI,11.93,273000000000.0,34044181,9190,8560,10.41
227840,현대코퍼레이션홀딩스,KOSPI,11.89,320100000000.0,8821701,41440,38650,10.41
138610,나이벡,KOSDAQ,11.89,45800000000.0,11367793,4600,4290,10.41
243070,휴온스,KOSDAQ,11.85,373900000000.0,11651765,36530,34130,10.41
035890,서희건설,KOSDAQ,11.84,1083600000000.0,185368615,6650,6210,10.41
290270,휴네시온,KOSDAQ,11.83,50400000000.0,9225919,6210,5800,10.41
226400,오스테오닉,KOSDAQ,11.83,67500000000.0,20061165,3820,3580,10.41
079960,동양이엔피,KOSDAQ,11.81,440900000000.0,7551658,66240,61990,10.41
033780,KT&G,KOSPI,11.77,9279600000000.0,92944267,112880,105830,10.41
005940,NH투자증권,KOSPI,11.76,9433300000000.0,355660698,29960,28100,10.41
067280,멀티캠퍼스,KOSDAQ,11.72,230500000000.0,5926779,43790,41140,10.41
271980,제일약품,KOSPI,11.71,211100000000.0,14704872,16150,15180,10.41
284740,쿠쿠홈시스,KOSPI,11.7,1084600000000.0,22422380,54370,51120,10.41
094850,참좋은여행,KOSDAQ,11.69,99100000000.0,13392817,8310,7820,10.41
130580,나이스디앤비,KOSDAQ,11.69,115600000000.0,15400000,8430,7930,10.41
012030,DB,KOSPI,11.67,449200000000.0,191030533,2640,2480,10.41
036890,진성티이씨,KOSDAQ,11.66,297500000000.0,20234280,16470,15510,10.41
053580,웹케시,KOSDAQ,11.65,111200000000.0,12565408,9900,9330,10.41
417790,트루엔,KOSDAQ,11.61,109400000000.0,10351715,11790,11130,10.41
006040,동원산업,KOSPI,11.61,3528000000000.0,44139043,89140,84160,10.41
009180,한솔로지스틱스,KOSPI,11.59,143600000000.0,28149134,5680,5370,10.41
192400,쿠쿠홀딩스,KOSPI,11.56,1321700000000.0,31078385,47230,44680,10.41
058850,KTcs,KOSPI,11.55,212700000000.0,37938729,6220,5890,10.41
240550,동방메디컬,KOSDAQ,11.54,122900000000.0,20933940,6510,6160,10.41
007810,코리아써키트,KOSPI,11.54,439800000000.0,23982620,20330,19250,10.41
081580,성우전자,KOSDAQ,11.53,113000000000.0,15204699,8230,7800,10.41
297090,씨에스베어링,KOSDAQ,11.53,101000000000.0,27270000,4100,3890,10.41
009770,삼정펄프,KOSPI,11.51,287000000000.0,2499971,126930,120370,10.41
051500,CJ프레시웨이,KOSDAQ,11.51,455200000000.0,11871586,42400,40200,10.41
054670,대한뉴팜,KOSDAQ,11.5,139900000000.0,14035289,11010,10450,10.41
378850,화승알앤에이,KOSPI,11.49,166900000000.0,18990786,9700,9210,10.41
003010,혜인,KOSPI,11.49,127600000000.0,9797756,14370,13640,10.41
297570,알로이스,KOSDAQ,11.45,46400000000.0,33936096,1500,1430,10.41
036800,나이스정보통신,KOSDAQ,11.45,396000000000.0,8735950,49860,47410,10.41
025770,한국정보통신,KOSDAQ,11.4,335800000000.0,35145194,10460,9970,10.41
081660,미스토홀딩스,KOSPI,11.39,1932100000000.0,52660639,40140,38280,10.41
212560,네오오토,KOSDAQ,11.38,137600000000.0,11811835,12730,12150,10.41
443250,레뷰코퍼레이션,KOSDAQ,11.37,48300000000.0,10927204,4830,4610,10.41
137400,피엔티,KOSDAQ,11.37,692900000000.0,23304599,32470,30990,10.41
038390,레드캡투어,KOSDAQ,11.36,201300000000.0,16720822,13140,12540,10.41
013030,하이록코리아,KOSDAQ,11.35,454400000000.0,11768144,42100,40210,10.41
297890,HB솔루션,KOSDAQ,11.34,246200000000.0,73140914,3670,3500,10.41
016740,두올,KOSPI,11.34,276200000000.0,28360974,10610,10140,10.41
192080,더블유게임즈,KOSPI,11.33,1185900000000.0,19456465,66340,63420,10.41
474610,RF시스템즈,KOSDAQ,11.29,49400000000.0,14114220,3800,3640,10.41
100220,비상교육,KOSPI,11.28,199800000000.0,12251515,17670,16930,10.41
009410,태영건설,KOSPI,11.28,607600000000.0,297584728,2210,2120,10.41
049520,유아이엘,KOSDAQ,11.23,201400000000.0,30370586,7150,6870,10.41
121890,에스디시스템,KOSDAQ,11.22,12000000000.0,13291446,970,940,10.41
005440,현대지에프홀딩스,KOSPI,11.18,4000100000000.0,152483716,28170,27120,10.41
027710,팜스토리,KOSDAQ,11.16,282100000000.0,110602261,2730,2630,10.41
262840,아이퀘스트,KOSDAQ,11.15,52900000000.0,10229730,5540,5340,10.41
033240,자화전자,KOSPI,11.15,444700000000.0,20524522,23210,22370,10.41
352090,스톰테크,KOSDAQ,11.13,93800000000.0,26872998,3730,3600,10.41
051370,인터플렉스,KOSDAQ,11.11,310400000000.0,23327472,14200,13720,10.41
054800,아이디스홀딩스,KOSDAQ,11.11,371800000000.0,8713433,45540,43990,10.41
187870,디바이스,KOSDAQ,11.11,161000000000.0,13466902,12760,12320,10.41
013580,계룡건설,KOSPI,11.1,945600000000.0,8918147,113060,109260,10.41
044820,코스맥스비티아이,KOSPI,11.08,275500000000.0,9554839,30690,29690,10.41
014970,삼륭물산,KOSDAQ,11.04,57300000000.0,14825000,4100,3970,10.41
061090,세나테크놀로지,KOSDAQ,11.04,176200000000.0,5474979,34130,33080,10.41
114090,GKL,KOSPI,11.01,441500000000.0,61855670,7550,7330,10.41
451250,삐아,KOSDAQ,10.98,44400000000.0,9824377,4770,4630,10.41
000810,삼성화재,KOSPI,10.96,21257800000000.0,39828296,561940,546680,10.41
000500,가온전선,KOSPI,10.96,483800000000.0,16543115,30790,29950,10.41
037030,파워넷,KOSDAQ,10.93,152200000000.0,25507359,6260,6100,10.41
037350,성도이엔지,KOSDAQ,10.9,274000000000.0,14953000,19190,18720,10.41
290720,푸드나무,KOSDAQ,10.9,35000000000.0,35122142,1040,1020,10.41
024800,유성티엔에스,KOSDAQ,10.9,530500000000.0,33398928,16630,16230,10.41
285490,노바텍,KOSDAQ,10.89,158900000000.0,9701719,17130,16730,10.41
005930,삼성전자,KOSPI,10.85,424313300000000.0,5764191903,76720,75040,10.41
232680,라온로보틱스,KOSDAQ,10.84,35700000000.0,12806772,2900,2840,10.41
083500,에프엔에스테크,KOSDAQ,10.83,83800000000.0,7726377,11280,11050,10.41
012630,HDC,KOSPI,10.82,2920900000000.0,49501701,61330,60070,10.41
050890,쏠리드,KOSDAQ,10.8,352700000000.0,59923145,6110,5990,10.41
000370,한화손해보험,KOSPI,10.8,2669600000000.0,115620426,23950,23490,10.41
129890,앱코,KOSDAQ,10.8,62100000000.0,45545602,1410,1390,10.41
080010,이상네트웍스,KOSDAQ,10.8,141000000000.0,9232581,15840,15530,10.41
036570,NC,KOSPI,10.79,3364900000000.0,19473333,179100,175690,10.41
457550,우진엔텍,KOSDAQ,10.78,51100000000.0,9318958,5680,5570,10.41
010240,흥국,KOSDAQ,10.73,118300000000.0,11485209,10620,10450,10.41
023160,태광,KOSDAQ,10.73,624600000000.0,25867242,24890,24490,10.41
036640,HRS,KOSDAQ,10.72,129600000000.0,16354800,8160,8030,10.41
206640,바디텍메드,KOSDAQ,10.71,231300000000.0,21707921,10960,10800,10.41
002840,미원상사,KOSPI,10.66,416400000000.0,4496304,94830,93630,10.41
080530,코디,KOSDAQ,10.64,58700000000.0,10954664,5480,5410,10.41
054540,삼영엠텍,KOSDAQ,10.64,80200000000.0,13000000,6310,6230,10.41
128660,피제이메탈,KOSDAQ,10.63,73800000000.0,24803369,3040,3000,10.41
259960,크래프톤,KOSPI,10.6,7041400000000.0,42535298,168560,166930,10.41
014580,태경비케이,KOSPI,10.6,235500000000.0,27583100,8690,8610,10.41
095340,ISC,KOSDAQ,10.6,536600000000.0,21142451,25840,25590,10.41
196700,웹스,KOSDAQ,10.59,40400000000.0,14364144,2860,2830,10.41
322000,HD현대에너지솔루션,KOSPI,10.58,417800000000.0,11200000,37910,37580,10.41
003780,진양산업,KOSPI,10.57,67100000000.0,13000000,5240,5200,10.41
281820,케이씨텍,KOSPI,10.55,530200000000.0,19734079,27230,27030,10.41
263020,디케이앤디,KOSDAQ,10.53,76800000000.0,13646146,5690,5660,10.41
464280,티디에스팜,KOSDAQ,10.52,42800000000.0,5288500,8180,8130,10.41
015750,성우하이텍,KOSDAQ,10.52,1696400000000.0,79991593,21430,21310,10.41
271560,오리온,KOSPI,10.51,3808700000000.0,39528788,97280,96780,10.41
047810,한국항공우주,KOSPI,10.51,1830200000000.0,97475107,18960,18860,10.41
078150,HB테크놀러지,KOSDAQ,10.48,285100000000.0,88854618,3230,3220,10.41
005430,한국공항,KOSPI,10.46,405200000000.0,3058211,133130,132790,10.41
012750,에스원,KOSPI,10.45,1756300000000.0,33810239,52150,52040,10.41
131290,티에스이,KOSDAQ,10.42,391300000000.0,11061429,35410,35390,10.41
086450,동국제약,KOSDAQ,10.42,663700000000.0,45110727,14730,14720,10.41
310200,애니플러스,KOSDAQ,10.39,119600000000.0,52162836,2290,2290,10.41
009470,삼화전기,KOSPI,10.39,94000000000.0,6613820,14190,14200,10.41
337930,젝시믹스,KOSDAQ,10.37,116200000000.0,29676475,3900,3910,10.41
290740,액트로,KOSDAQ,10.37,73200000000.0,9571470,7620,7630,10.41
041830,인바디,KOSDAQ,10.37,317800000000.0,13341476,23730,23780,10.41
004140,동방,KOSPI,10.36,175700000000.0,47794806,3660,3670,10.41
001750,한양증권,KOSPI,10.32,581800000000.0,12728534,45310,45530,10.41
039010,현대에이치티,KOSDAQ,10.29,106800000000.0,7769000,13590,13670,10.41
035610,솔본,KOSDAQ,10.28,212600000000.0,27345997,7680,7730,10.41
005960,동부건설,KOSPI,10.28,561200000000.0,22974525,24120,24290,10.41
307950,현대오토에버,KOSPI,10.27,1847100000000.0,27423982,66450,66940,10.41
267250,HD현대,KOSPI,10.25,10116400000000.0,70668430,140950,142140,10.41
032850,비트컴퓨터,KOSDAQ,10.24,73700000000.0,15101114,4800,4840,10.41
030200,KT,KOSPI,10.22,17655700000000.0,240145151,72180,72900,10.41
017370,우신시스템,KOSPI,10.18,166600000000.0,15201781,10720,10850,10.41
001360,삼성제약,KOSPI,10.18,121000000000.0,94120296,1260,1270,10.41
136540,윈스테크넷,KOSDAQ,10.18,184800000000.0,10683798,16920,17120,10.41
097230,HJ중공업,KOSPI,10.15,669600000000.0,90289403,7230,7330,10.41
094970,제이엠티,KOSDAQ,10.13,144500000000.0,16712134,8410,8540,10.41
309960,LB인베스트먼트,KOSDAQ,10.11,127000000000.0,22995443,5360,5450,10.41
059210,메타바이오메드,KOSDAQ,10.1,124300000000.0,27171445,4440,4510,10.41
457370,한켐,KOSDAQ,10.09,59300000000.0,7858920,7310,7440,10.41
042420,네오위즈홀딩스,KOSDAQ,10.08,350300000000.0,6165190,55020,55990,10.41
002810,삼영무역,KOSPI,10.06,607300000000.0,17922858,32740,33360,10.41
237690,에스티팜,KOSDAQ,10.03,593400000000.0,20847927,27420,27990,10.41
251120,바이오에프디엔씨,KOSDAQ,10.03,69800000000.0,8528949,7890,8050,10.41
